{"mean":{"confidence_interval":{"confidence_level":0.95,"lower_bound":498744.0880702978,"upper_bound":499116.9200109962},"point_estimate":498918.2709906791,"standard_error":94.60360099523362},"median":{"confidence_interval":{"confidence_level":0.95,"lower_bound":498782.76515151514,"upper_bound":498964.40858095814},"point_estimate":498891.19455087266,"standard_error":47.82477051193032},"median_abs_dev":{"confidence_interval":{"confidence_level":0.95,"lower_bound":399.0951636084628,"upper_bound":685.4396252422921},"point_estimate":532.9874941614084,"standard_error":68.88272142532601},"slope":{"confidence_interval":{"confidence_level":0.95,"lower_bound":498774.5663182388,"upper_bound":499414.33220091846},"point_estimate":499023.38763262896,"standard_error":172.3467178640838},"std_dev":{"confidence_interval":{"confidence_level":0.95,"lower_bound":544.2494163185739,"upper_bound":1378.0849302955037},"point_estimate":950.4309654405913,"standard_error":227.48849312400617}}