{"mean":{"confidence_interval":{"confidence_level":0.95,"lower_bound":213361.9133183391,"upper_bound":213658.67412028843},"point_estimate":213486.85237460854,"standard_error":76.79286112319704},"median":{"confidence_interval":{"confidence_level":0.95,"lower_bound":213251.11481481482,"upper_bound":213332.03636363638},"point_estimate":213280.636498708,"standard_error":22.261740142280747},"median_abs_dev":{"confidence_interval":{"confidence_level":0.95,"lower_bound":114.56730817581779,"upper_bound":230.022484714973},"point_estimate":161.9201057210875,"standard_error":29.969377203272217},"slope":{"confidence_interval":{"confidence_level":0.95,"lower_bound":213239.82937487637,"upper_bound":213289.62747702323},"point_estimate":213263.13923156494,"standard_error":12.735856412824061},"std_dev":{"confidence_interval":{"confidence_level":0.95,"lower_bound":303.4274634544766,"upper_bound":1211.756428229934},"point_estimate":773.4451366708745,"standard_error":272.97783755014206}}